categoryId;uri
279;dmoz/Society/Ethnicity
283;dmoz/Society/Issues/Warfare_and_Conflict
1045;dmoz/Society/Ethnicity/Asian
197;dmoz/Society/Issues/Environment
275;dmoz/Society/History/By_Region
1262;dmoz/Society/Issues/Gun_Control
284;dmoz/Society/Issues/Crime_and_Justice
1056;dmoz/Society/Issues/Immigration
1161;dmoz/Health/Reproductive_Health/Pregnancy_and_Birth
623;dmoz/Science/Social_Sciences/Urban_and_Regional_Planning
934;dmoz/Society/Issues/Abortion
1174;dmoz/Health/Reproductive_Health/Clinics_and_Services
2;dmoz/Society/Government
26;dmoz/Society/Issues
237;dmoz/Society/Government/Multilateral
7;dmoz/Society/Military
1077;dmoz/Society/Military/Aviation
329;dmoz/Science/Environment/Air_Quality
525;dmoz/Shopping/Vehicles/Parts_and_Accessories
505;dmoz/Home/Family
549;dmoz/Society/Issues/Children,_Youth_and_Family
383;dmoz/Business/Aerospace_and_Defense/Defense
384;dmoz/Society/Issues/Terrorism
355;dmoz/Recreation/Guns
953;dmoz/Shopping/Recreation/Guns
274;dmoz/Society/History
732;dmoz/Society/Issues/Race-Ethnic-Religious_Relations
128;dmoz/Science/Technology/Energy
884;dmoz/Recreation/Travel/Travelogues
31;dmoz/Society/Religion_and_Spirituality/Christianity
220;dmoz/Society/Issues/Fraud
202;dmoz/Society/Law/Law_Enforcement
152;dmoz/Society/Issues/Economic
589;dmoz/Society/Politics/Lobbying
569;dmoz/Society/People/Celebrities
370;dmoz/Society/Issues/Territorial_Disputes
603;dmoz/Society/History/By_Topic
620;dmoz/Society/History/By_Time_Period
273;dmoz/Society/Law/Legal_Information
1187;dmoz/Health/Conditions_and_Diseases/Respiratory_Disorders
290;dmoz/Society/Issues/Transportation
441;dmoz/Computers/Programming/Languages
490;dmoz/Business/Transportation_and_Logistics/Moving_Services
618;dmoz/Society/Activism
696;dmoz/Society/Issues/Science_and_Technology
1242;dmoz/Recreation/Guns/Education
326;dmoz/Computers/Security/Policy
615;dmoz/Home/Family/Childcare
417;dmoz/Society/Religion_and_Spirituality/Islam
328;dmoz/Business/Industrial_Goods_and_Services/Industrial_Supply
887;dmoz/Recreation/Roads_and_Highways
878;dmoz/Society/Issues/Peace
242;dmoz/Society/Issues/Health
461;dmoz/Health/Addictions/Substance_Abuse
669;dmoz/Health/Specific_Substances
554;dmoz/Business/Transportation_and_Logistics/Aviation
739;dmoz/Business/Aerospace_and_Defense/Aeronautical
288;dmoz/Business/Transportation_and_Logistics/Bus
612;dmoz/Science/Environment/Sustainability
629;dmoz/Society/Philanthropy/International_Aid_and_Development
89;dmoz/Games
99;dmoz/Shopping/Toys_and_Games/Games
239;dmoz/Health/Conditions_and_Diseases/Immune_Disorders
14;dmoz/Computers/Internet/On_the_Web
881;dmoz/Society/Relationships/Dating
181;dmoz/Business/Business_Services/Fire_and_Security
755;dmoz/Shopping/Pets/Cats_and_Dogs
874;dmoz/Recreation/Pets/Dogs
396;dmoz/Science/Technology/Structural_Engineering
1307;dmoz/Sports/Soccer/AFC
457;dmoz/Science/Biology/Flora_and_Fauna
1000;dmoz/Business/Marketing_and_Advertising/Salesmanship
520;dmoz/Society/Issues/Animal_Welfare
1186;dmoz/Science/Environment/Biodiversity
1046;dmoz/Society/People/Pen_Pals
445;dmoz/Recreation/Drugs
264;dmoz/Business/Biotechnology_and_Pharmaceuticals/Pharmaceuticals
449;dmoz/Health/Pharmacy
727;dmoz/Society/People/Lost_or_Missing
319;dmoz/Computers/Security
325;dmoz/Computers/Security/Consultants
33;dmoz/Recreation/Scouting/Organizations
88;dmoz/Reference/Education/International
136;dmoz/Society/Philanthropy/Child_Welfare
155;dmoz/Society/People/Generations_and_Age_Groups
27;dmoz/Society/Issues/Business
376;dmoz/Reference/Education/Colleges_and_Universities
114;dmoz/Society/Crime/Organized_Crime
101;dmoz/Society/Sexuality
617;dmoz/Sports/College_and_University
888;dmoz/Recreation/Roads_and_Highways/North_America
450;dmoz/Health/Pharmacy/Drugs_and_Medications
859;dmoz/Arts/Music/Concerts_and_Events
84;dmoz/Science/Social_Sciences/Economics
302;dmoz/Society/People/Men
380;dmoz/Society/Politics
381;dmoz/Society/Politics/Nationalism
353;dmoz/Business/Publishing_and_Printing/Publishing
581;dmoz/Society/Issues/Intellectual_Property
246;dmoz/Society/Holidays
1219;dmoz/Business/Management/Leadership
93;dmoz/Games/Video_Games/Recreation
622;dmoz/Shopping/Recreation/Outdoors
519;dmoz/Sports/Bowling/Ten-Pin
985;dmoz/Shopping/Sports/Baseball
420;dmoz/Business/Business_Services/Signage
576;dmoz/Society/Gay,_Lesbian,_and_Bisexual/Religion_and_Spirituality
580;dmoz/Society/Gay,_Lesbian,_and_Bisexual/News_and_Media
714;dmoz/Health/Conditions_and_Diseases/Cardiovascular_Disorders
494;dmoz/Recreation/Travel/Specialty_Travel
310;dmoz/Science/Earth_Sciences/Natural_Disasters_and_Hazards
574;dmoz/Sports/Baseball/Amateur
42;dmoz/Science/Technology/Mining
178;dmoz/Business/Investing/Funds
57;dmoz/Society/Government/Finance
134;dmoz/Business/Financial_Services/Banking_Services
86;dmoz/Reference/Education/K_through_12
404;dmoz/Society/Issues/Education
372;dmoz/Business/Investing/Commodities_and_Futures
233;dmoz/Society/Issues/Violence_and_Abuse
303;dmoz/Society/Support_Groups
304;dmoz/Society/Support_Groups/Sexual_Abuse
481;dmoz/Business/Industrial_Goods_and_Services/Packaging
1497;dmoz/Business/Consumer_Goods_and_Services/Luggage_and_Bags
1492;dmoz/Business/Transportation_and_Logistics/Distribution_and_Logistics
962;dmoz/Science/Agriculture/Forestry
1093;dmoz/Business/Agriculture_and_Forestry/Forestry
140;dmoz/Health/Alternative/Coaching
331;dmoz/Computers/Systems
332;dmoz/Computers/Systems/Handhelds
8;dmoz/Society/Military/Veterans
369;dmoz/Science/Social_Sciences/Archaeology
637;dmoz/Science/Social_Sciences/Linguistics
492;dmoz/Sports/Football/American
409;dmoz/Society/Paranormal/Investigators
659;dmoz/Home/Family/Parenting
183;dmoz/Business/Transportation_and_Logistics/Maritime
670;dmoz/Health/Specific_Substances/Tobacco
517;dmoz/Society/Crime/Murder
277;dmoz/Business/Employment/Recruitment_and_Staffing
390;dmoz/Recreation/Autos/Enthusiasts
398;dmoz/Reference/Education/Products_and_Services
1274;dmoz/Sports/Soccer/UEFA
751;dmoz/Reference/Education/Methods_and_Theories
1588;dmoz/Science/Environment/Education
1587;dmoz/Home/Family/Adoption
105;dmoz/Society/Crime/Sex_Offenses
1036;dmoz/Science/Environment/Environmental_Monitoring
395;dmoz/Society/Issues/Human_Rights_and_Liberties
1160;dmoz/Health/Reproductive_Health
667;dmoz/Society/Politics/Campaigns_and_Elections
253;dmoz/Shopping/Entertainment/Recordings
313;dmoz/Arts/Video
305;dmoz/Society/People/Women
697;dmoz/Society/Issues/Poverty
229;dmoz/Business/Food_and_Related_Products/Fats_and_Oils
300;dmoz/Shopping/Health/Alternative
730;dmoz/Society/Ethnicity/African
837;dmoz/Society/Work
314;dmoz/Business/Business_Services/AudioVisual
104;dmoz/Society/Crime
254;dmoz/Arts/Music/Collecting
604;dmoz/Arts/Music/Instruments
75;dmoz/Business/International_Business_and_Trade
76;dmoz/Business/International_Business_and_Trade/Services
513;dmoz/Health/Conditions_and_Diseases/Cancer
1224;dmoz/Sports/Equestrian/Racing
212;dmoz/Sports/Motorsports/Auto_Racing
270;dmoz/Society/Law/Services
871;dmoz/Arts/Performing_Arts/Dance
170;dmoz/Computers/Software/Educational
182;dmoz/Business/Transportation_and_Logistics
289;dmoz/Business/Transportation_and_Logistics/Urban_Transport
522;dmoz/Arts/Animation/Anime
1047;dmoz/Society/Organizations/Animal_Welfare
824;dmoz/Science/Earth_Sciences/Geomatics
933;dmoz/Science/Environment/Organizations
916;dmoz/Business/Real_Estate/Residential
1458;dmoz/Business/Financial_Services/Surety_Bonds
85;dmoz/Reference/Education
238;dmoz/Arts/Music/Trading
1322;dmoz/Society/Ethnicity/Slavic
72;dmoz/Society/Law/Organizations
71;dmoz/Society/Law
1267;dmoz/Recreation/Climbing/Guides_and_Schools
939;dmoz/Society/Religion_and_Spirituality/New_Age
942;dmoz/Shopping/Clothing/Uniforms
614;dmoz/Health/Child_Health
430;dmoz/Health/Occupational_Health_and_Safety
21;dmoz/Business/Investing/Stocks_and_Bonds
715;dmoz/Society/Ethnicity/Greek
260;dmoz/Science/Agriculture
657;dmoz/Society/Philanthropy/Organizations
966;dmoz/Recreation/Camps
949;dmoz/Health/Occupational_Health_and_Safety/Government_Agencies
132;dmoz/Business/Energy/Utilities
291;dmoz/Science/Environment/Climate_Change
69;dmoz/Recreation/Food/Drink
503;dmoz/Health/Weight_Loss/Personal_Pages
1037;dmoz/Health/Mental_Health/Disorders
1063;dmoz/Science/Biology/Zoology
1083;dmoz/Business/Electronics_and_Electrical/Electromechanical
1258;dmoz/Business/Food_and_Related_Products/Sweeteners
415;dmoz/Science/Environment/Carbon_Cycle
20;dmoz/Business/Investing
791;dmoz/Business/Construction_and_Maintenance/Materials_and_Supplies
763;dmoz/Arts/Radio/Formats
286;dmoz/Society/Issues/End-of-Life
35;dmoz/Business/Agriculture_and_Forestry/Horticulture
462;dmoz/Arts/Television/Programs
913;dmoz/Business/Chemicals/Basic_Chemicals
1271;dmoz/Business/Chemicals/Wholesale_and_Distribution
444;dmoz/Business/Marketing_and_Advertising/Advertising
37;dmoz/Business/Accounting/Tax_Negotiation_and_Representation
378;dmoz/Computers/Software/Accounting
506;dmoz/Home/Family/Pregnancy
400;dmoz/Sports/Equestrian/Breeds
1896;dmoz/Health/Alternative/Reflexology
222;dmoz/Home/Personal_Finance
225;dmoz/Home/Personal_Finance/Money_Management
483;dmoz/Computers/Internet/E-mail
976;dmoz/Computers/Speech_Technology
3;dmoz/Society/Government/Government-Related_Organizations
685;dmoz/Society/Death/In_Memoriam
221;dmoz/Society/Crime/Theft
103;dmoz/Recreation/Pets/Cats
423;dmoz/Society/Religion_and_Spirituality/Judaism
1496;dmoz/Arts/Writers_Resources/Style_Guides
1566;dmoz/Recreation/Humor/Wordplay
167;dmoz/Science/Math/Number_Theory
245;dmoz/Recreation/Collecting/Toys
407;dmoz/Health/Medicine/Facilities
970;dmoz/Health/Mental_Health/Professional_Resources
61;dmoz/Business/Investing/Day_Trading
746;dmoz/Computers/Software/Human_Resources
194;dmoz/Science/Environment
1101;dmoz/Recreation/Outdoors/Fishing
419;dmoz/Games/Video_Games/Simulation
1089;dmoz/Recreation/Travel/Transportation
280;dmoz/Society/Ethnicity/The_Americas
403;dmoz/Society/Organizations/Student
801;dmoz/Health/Mental_Health
460;dmoz/Health/Addictions
29;dmoz/Business/Marketing_and_Advertising/Branding
1695;dmoz/Shopping/Food/Produce
748;dmoz/Society/Activism/Regional
232;dmoz/Business/Education_and_Training/Driving
399;dmoz/Sports/Equestrian
70;dmoz/Computers/Software/Operating_Systems
475;dmoz/Health/Public_Health_and_Safety/Emergency_Services
1084;dmoz/Business/Consumer_Goods_and_Services/Watercraft
510;dmoz/Science/Technology/Aerospace
356;dmoz/Recreation/Guns/Competition_Shooting
91;dmoz/Games/Video_Games/Browser_Based
989;dmoz/Science/Biology/Neurobiology
584;dmoz/Arts/Photography/Photographers
1087;dmoz/Shopping/Recreation/Aviation
1499;dmoz/Science/Math/Applications
1456;dmoz/Arts/Bodyart/Bodypainting
50;dmoz/Business/Arts_and_Entertainment/Media_Production
224;dmoz/Home/Consumer_Information/Advocacy_and_Protection
664;dmoz/Recreation/Boating/Paddling
133;dmoz/Business/Energy/Oil_and_Gas
745;dmoz/Computers/Programming/Software_Testing
853;dmoz/Sports/Boxing
1076;dmoz/Sports/Martial_Arts/Submission_Fighting_and_MMA
1218;dmoz/Recreation/Outdoors/Hiking
738;dmoz/Science/Technology/Materials
1462;dmoz/Recreation/Travel/Preparation
121;dmoz/Business/Arts_and_Entertainment/Beauty_Pageants
188;dmoz/Arts/Television/Networks
189;dmoz/Arts/Television/Cable_Television
1040;dmoz/Shopping/Antiques_and_Collectibles/Stamps
271;dmoz/Business/Investing/Brokerages
668;dmoz/Society/Politics/Socialism
158;dmoz/Business/Food_and_Related_Products/Beverages
159;dmoz/Shopping/Food/Beverages
1135;dmoz/Science/Biology/Cell_Biology
19;dmoz/Business
41;dmoz/Science/Technology
1088;dmoz/Recreation/Aviation/Ballooning
794;dmoz/Arts/Architecture/Building_Types
154;dmoz/Society/People
261;dmoz/Science/Agriculture/Field_Crops
1305;dmoz/Shopping/Home_and_Garden/Plants
937;dmoz/Health/Mental_Health/Grief,_Loss_and_Bereavement
571;dmoz/Sports/Cricket
573;dmoz/Sports/Cricket/ICC
1263;dmoz/Health/Alternative/Naturopathy
590;dmoz/Reference/Education/Distance_Learning
401;dmoz/Business/Accounting/Associations
1157;dmoz/Shopping/Children
816;dmoz/Business/Business_Services/Supplies_and_Equipment
1249;dmoz/Games/Video_Games/Roleplaying
126;dmoz/Arts/Performing_Arts/Theatre
252;dmoz/Business/Financial_Services/Insurance
471;dmoz/Business/Employment/Job_Search
773;dmoz/Business/Consumer_Goods_and_Services/Clothing
56;dmoz/Business/Consumer_Goods_and_Services/Home_and_Garden
301;dmoz/Health/Conditions_and_Diseases/Sleep_Disorders
515;dmoz/Health/Support_Groups/Conditions_and_Diseases
1501;dmoz/Recreation/Pets/Birds
558;dmoz/Sports/Basketball/Professional
1455;dmoz/Shopping/Crafts/Woodcraft
193;dmoz/Science/Earth_Sciences/Oceanography
1158;dmoz/Shopping/Children/Baby
831;dmoz/Society/Philosophy/Personal_Pages
935;dmoz/Computers/Virtual_Reality/Multi-User_Systems
880;dmoz/Computers/Internet/Access_Providers
1728;dmoz/Society/Subcultures/Cyberculture
600;dmoz/Science/Earth_Sciences/Atmospheric_Sciences
316;dmoz/Reference/Libraries
257;dmoz/Arts/Music/Sound_Files
180;dmoz/Health/Conditions_and_Diseases/Neurological_Disorders
278;dmoz/Business/Transportation_and_Logistics/Trucking
298;dmoz/Business/Agriculture_and_Forestry/Livestock
81;dmoz/Arts/Music
446;dmoz/Business/Financial_Services/Medical_Billing
1890;dmoz/Arts/Literature/Poetry
1850;dmoz/Sports/Equestrian/Show_Jumping
1508;dmoz/Business/Arts_and_Entertainment/Amusement_Parks_and_Attractions
905;dmoz/Recreation/Theme_Parks/Individual_Parks
235;dmoz/Arts/Online_Writing/Fiction
509;dmoz/Recreation/Aviation/Personal_Pages
495;dmoz/Computers/Software/File_Management
429;dmoz/Society/Crime/Prevention
436;dmoz/Arts/Music/Lyrics
307;dmoz/Arts/Genres/Science_Fiction_and_Fantasy
1473;dmoz/Society/Government/Parliaments_and_Legislatures
164;dmoz/Arts/Writers_Resources/Contests
366;dmoz/Business/Retail_Trade/Retailers
1707;dmoz/Health/Animal/Alternative_Medicine
428;dmoz/Business/Industrial_Goods_and_Services/Fluid_Handling
480;dmoz/Health/Conditions_and_Diseases/Infectious_Diseases
1257;dmoz/Shopping/Niche/Military
251;dmoz/Home/Personal_Finance/Insurance
912;dmoz/Science/Technology/Food_Science
796;dmoz/Science/Physics
955;dmoz/Science/Physics/Education
476;dmoz/Computers/Computer_Science
898;dmoz/Computers/Hardware/Historical
432;dmoz/Business/Construction_and_Maintenance/Building_Types
62;dmoz/Business/Investing/News_and_Media
272;dmoz/Business/Investing/Socially_Responsible
931;dmoz/Business/Financial_Services/Merchant_Services
87;dmoz/Reference/Education/Special_Education
1221;dmoz/Health/Reproductive_Health/Birth_Control
553;dmoz/Society/Death/Death_Care
923;dmoz/Business/Customer_Service/Mystery_Shopping
950;dmoz/Science/Astronomy/Observatories
66;dmoz/Business/Small_Business
67;dmoz/Business/News_and_Media
135;dmoz/Society/Philanthropy
516;dmoz/Recreation/Autos/Makes_and_Models
143;dmoz/Arts/Literature/Drama
969;dmoz/Recreation/Outdoors/Camping
1359;dmoz/Society/Politics/Liberalism
387;dmoz/Shopping/Classifieds/Automotive
521;dmoz/Arts/Animation
1980;dmoz/Society/Religion_and_Spirituality/Sikhism
365;dmoz/Business/Retail_Trade
694;dmoz/Shopping/Clothing/Casual
786;dmoz/Shopping/Clothing/Custom
223;dmoz/Home/Consumer_Information
1782;dmoz/Society/Religion_and_Spirituality/African
120;dmoz/Business/Human_Resources/Compensation_and_Benefits
1181;dmoz/Health/Conditions_and_Diseases/Genitourinary_Disorders
602;dmoz/Sports/Winter_Sports/Skiing
666;dmoz/Shopping/Entertainment/Party_Supplies
499;dmoz/Computers/Data_Communications/Wireless
540;dmoz/Computers/Internet/Web_Design_and_Development
142;dmoz/Business/Management/Consulting
703;dmoz/Business/Arts_and_Entertainment/Tools_and_Equipment
588;dmoz/Business/Retail_Trade/Technology
166;dmoz/Science/Math/Recreations
1544;dmoz/Science/Math/Education
991;dmoz/Business/Materials/Metals
364;dmoz/Business/Financial_Services/Venture_Capital
1006;dmoz/Business/Wholesale_Trade
83;dmoz/Science/Social_Sciences
1014;dmoz/Science/Social_Sciences/Area_Studies
192;dmoz/Science/Earth_Sciences
228;dmoz/Science/Earth_Sciences/Geology
1079;dmoz/Sports/Martial_Arts/Kickboxing
1133;dmoz/Science/Biology/Biochemistry_and_Molecular_Biology
1134;dmoz/Science/Biology/Genetics
1448;dmoz/Society/Transgendered
624;dmoz/Business/Construction_and_Maintenance/Design
882;dmoz/Shopping/Health/Beauty
883;dmoz/Shopping/Crafts/Toiletries
1097;dmoz/Computers/Computer_Science/Academic_Departments
344;dmoz/Science/Social_Sciences/Psychology
502;dmoz/Health/Weight_Loss
1106;dmoz/Shopping/Health/Weight_Loss
80;dmoz/Arts
452;dmoz/Business/Arts_and_Entertainment/Photography
869;dmoz/Arts/Comics
1842;dmoz/Computers/Artificial_Intelligence/People
885;dmoz/Shopping/Home_and_Garden/Kitchen_and_Dining
127;dmoz/Arts/Performing_Arts/Circus
747;dmoz/Business/Industrial_Goods_and_Services/Machinery_and_Tools
363;dmoz/Business/Marketing_and_Advertising/Consulting
860;dmoz/Recreation/Collecting/Paper_Money
1;dmoz/Society
341;dmoz/Health/Medicine/Medical_Specialties
1937;dmoz/Shopping/Sports/Tennis
1132;dmoz/Shopping/Home_and_Garden/Climate_Control
336;dmoz/Business/Consumer_Goods_and_Services/Electronics
459;dmoz/Arts/Movies/Filmmaking
1346;dmoz/Business/Food_and_Related_Products/Additives
382;dmoz/Business/Aerospace_and_Defense
200;dmoz/Computers/Software/Business
259;dmoz/Business/Small_Business/Start_Up
498;dmoz/Computers/Data_Communications
501;dmoz/Business/Telecommunications/Carriers
979;dmoz/Computers/Data_Communications/Vendors
901;dmoz/Shopping/Home_and_Garden/Cleaning
762;dmoz/Arts/Radio
263;dmoz/Business/Biotechnology_and_Pharmaceuticals
555;dmoz/Science/Technology/Safety_Engineering
39;dmoz/Business/Mining_and_Drilling/Mineral_Exploration_and_Extraction
375;dmoz/Society/Religion_and_Spirituality/Opposing_Views
453;dmoz/Society/Philanthropy/Grants
849;dmoz/Society/Religion_and_Spirituality/Religious_Studies
1165;dmoz/Reference/Flags
1166;dmoz/Reference/Flags/Regional
442;dmoz/Computers/Software/Internet
776;dmoz/Business/Publishing_and_Printing/Printing
1164;dmoz/Shopping/Home_and_Garden/Flags_and_Banners
648;dmoz/Science/Technology/Space
448;dmoz/Business/Healthcare/Products_and_Services
967;dmoz/Recreation/Camps/Special_Needs
1140;dmoz/Business/Real_Estate/Marketing_and_Advertising
1102;dmoz/Arts/Television/People
611;dmoz/Business/Automotive/Parts_and_Accessories
818;dmoz/Home/Cooking/World_Cuisines
161;dmoz/Games/Gambling/Lotteries
906;dmoz/Computers/Hacking
195;dmoz/Science/Environment/Water_Resources
959;dmoz/Business/Financial_Services/Leasing_Services
777;dmoz/Society/Philanthropy/Cheer_and_Support
137;dmoz/Reference/Museums/History
179;dmoz/Health/Conditions_and_Diseases
566;dmoz/Sports/Hockey/Ice_Hockey
1421;dmoz/Sports/College_and_University/Governing_Bodies
996;dmoz/Health/Nutrition
1217;dmoz/Health/Medicine/Evidence_Based_Medicine
1314;dmoz/Business/Transportation_and_Logistics/Couriers_and_Messengers
613;dmoz/Health/Conditions_and_Diseases/Nutritional_and_Metabolic_Disorders
508;dmoz/Recreation/Aviation/Pilots
539;dmoz/Computers/Internet/Searching
230;dmoz/Business/Transportation_and_Logistics/Traffic_Control
1026;dmoz/Science/Environment/Environmental_Health
1025;dmoz/Sports/Water_Sports/Rowing
397;dmoz/Society/Politics/Conservatism
1731;dmoz/Health/Alternative/Homeopathy
924;dmoz/Home/Family/Multiple_Births
389;dmoz/Recreation/Autos/Magazines_and_E-zines
1105;dmoz/Recreation/Pets/Rodents
835;dmoz/Reference/Education/Educators
92;dmoz/Games/Video_Games/Downloads
1480;dmoz/Science/Biology/Biotechnology
1777;dmoz/Science/Technology/Organizations
925;dmoz/Society/Law/Products
1078;dmoz/Society/Ethnicity/Celtic
1345;dmoz/Society/Philosophy/Ethics
1467;dmoz/Recreation/Travel/Publications
875;dmoz/Sports/Cycling/Travel
1540;dmoz/Sports/Equestrian/Vacations_and_Touring
960;dmoz/Shopping/Consumer_Electronics/Communications
231;dmoz/Business/Education_and_Training
1464;dmoz/Computers/Education/Commercial_Services
877;dmoz/Science/Earth_Sciences/Paleontology
236;dmoz/Business/International_Business_and_Trade/Import_and_Export
1599;dmoz/Shopping/Crafts/Nature
543;dmoz/Games/Video_Games/Sports
385;dmoz/Business/Transportation_and_Logistics/Rail
146;dmoz/Sports/Events
838;dmoz/Society/Work/Labor_Movement
1205;dmoz/Arts/Movies/Theaters
339;dmoz/Business/Electronics_and_Electrical/Control_Systems
805;dmoz/Sports/Basketball/Training
1109;dmoz/Shopping/Travel
45;dmoz/Computers/Software/Databases
373;dmoz/Society/Relationships
609;dmoz/Society/Relationships/Weddings
559;dmoz/Sports/Baseball
147;dmoz/Sports/Events/Olympics
1035;dmoz/Reference/Museums/Museum_Resources
1749;dmoz/Business/Education_and_Training/Health_and_Safety
842;dmoz/Games/Yard,_Deck,_and_Table_Games
921;dmoz/Business/Real_Estate/Education_and_Training
11;dmoz/Recreation/Humor/Magazines_and_E-zines
1383;dmoz/Society/Politics/News_and_Media
129;dmoz/Business/Energy
585;dmoz/Arts/Performing_Arts/Acting
1296;dmoz/Business/Electronics_and_Electrical/Production_Equipment_and_Materials
74;dmoz/Business/Business_Services/Communications
689;dmoz/Recreation/Outdoors/Hunting
28;dmoz/Business/Marketing_and_Advertising
1005;dmoz/Health/Medicine/Surgery
1418;dmoz/Health/Men's_Health
320;dmoz/Computers/Security/Internet
1062;dmoz/Shopping/Vehicles/Aircraft
1936;dmoz/Recreation/Pets/Fish_and_Aquaria
575;dmoz/Society/Gay,_Lesbian,_and_Bisexual
358;dmoz/Recreation/Birding/North_America
454;dmoz/Arts/Movies
1431;dmoz/Sports/Running/Road_Running
1226;dmoz/Computers/Internet/Domain_Names
907;dmoz/Science/Astronomy/Stars
936;dmoz/Computers/Artificial_Life
788;dmoz/Computers/Hardware/Systems
619;dmoz/Society/Activism/We_Are_The_99_Percent
536;dmoz/Games/Video_Games/Action
1049;dmoz/Society/Philanthropy/Medical_Relief
1050;dmoz/Health/Education
23;dmoz/Business/Financial_Services/Investment_Banks
895;dmoz/Computers/Hardware/Peripherals
1487;dmoz/Computers/Internet/Cybercafes
655;dmoz/Business/Energy/Renewable
758;dmoz/Business/Industrial_Goods_and_Services/Casting,_Molding,_Machining
997;dmoz/Health/Nutrition/Nutrients
856;dmoz/Arts/Music/Reviews
616;dmoz/Health/Child_Health/Conditions_and_Diseases
1126;dmoz/Recreation/Outdoors/Survival_and_Primitive_Technology
416;dmoz/Computers/Software/Project_Management
628;dmoz/Business/Management/Project_and_Program_Management
650;dmoz/Science/Astronomy/Solar_System
761;dmoz/Sports/Soccer/Competitions
1027;dmoz/Health/Home_Health
1169;dmoz/Health/Home_Health/Home_Care
1250;dmoz/Sports/Water_Sports/Water_Polo
32;dmoz/Recreation/Scouting
22;dmoz/Business/Financial_Services
485;dmoz/Business/Telecommunications/Services
1614;dmoz/Computers/Software/Document_Management
425;dmoz/Shopping/Clothing/Men's
800;dmoz/Arts/Education/Language_Arts
932;dmoz/Science/Agriculture/Sustainable_Agriculture
1139;dmoz/Recreation/Climbing/Indoor
1468;dmoz/Business/Hospitality/Travel
572;dmoz/Sports/Cricket/News_and_Media
477;dmoz/Computers/Computer_Science/Theoretical
141;dmoz/Business/Management
427;dmoz/Computers/Hardware/Components
639;dmoz/Health/Conditions_and_Diseases/Communication_Disorders
861;dmoz/Computers/Artificial_Intelligence
1004;dmoz/Society/Future
1969;dmoz/Science/Astronomy/Extraterrestrial_Life
1214;dmoz/Recreation/Humor/Computer
1259;dmoz/Society/Ethnicity/Indigenous_People
633;dmoz/Business/Management/Management_Science
394;dmoz/Business/Financial_Services/Loans
1851;dmoz/Computers/Parallel_Computing/Conferences
1511;dmoz/Shopping/Sports/Soccer
1644;dmoz/Sports/Soccer/CONCACAF
1409;dmoz/Recreation/Collecting/Food_and_Drink_Related
994;dmoz/Business/Textiles_and_Nonwovens/Fibers
1719;dmoz/Shopping/Niche/Green_Living
646;dmoz/Computers/Virtual_Reality
379;dmoz/Business/Accounting/Firms
1493;dmoz/Computers/Internet/Proxying_and_Filtering
687;dmoz/Society/Religion_and_Spirituality/Buddhism
784;dmoz/Sports/Running/Cross_Country
1096;dmoz/Business/Telecommunications/Construction,_Installation,_and_Maintenance
625;dmoz/Arts/Literature/Periods_and_Movements
10;dmoz/Recreation/Humor
972;dmoz/Shopping/Health/Disabilities
645;dmoz/Business/Information_Technology
226;dmoz/Business/Financial_Services/Financial_Planning
351;dmoz/Shopping/Publications/Books
493;dmoz/Recreation/Travel
374;dmoz/Society/Relationships/Alternative_Lifestyles
810;dmoz/Shopping/Photography/Cameras_and_Camcorders
2034;dmoz/Society/Gay,_Lesbian,_and_Bisexual/Bisexual
82;dmoz/Arts/Music/Marching
1935;dmoz/Shopping/Pets/Fish
640;dmoz/Games/Online/Roleplaying
1604;dmoz/Computers/Security/Biometrics
1415;dmoz/Sports/Fencing
36;dmoz/Business/Accounting
834;dmoz/Home/Consumer_Information/Automobiles
899;dmoz/Computers/Software/Groupware
804;dmoz/Business/Investing/Real_Estate
1748;dmoz/Business/Financial_Services/Offshore_Services
781;dmoz/Society/Disabled
350;dmoz/Shopping/Publications
413;dmoz/Arts/Music/News_and_Media
713;dmoz/Sports/Wrestling/Professional
1142;dmoz/Shopping/Visual_Arts/Supplies
458;dmoz/Arts/Movies/Genres
392;dmoz/Recreation/Models/Scale
1154;dmoz/Business/Arts_and_Entertainment/Models
610;dmoz/Business/Employment/Resumes_and_Portfolios
808;dmoz/Arts/Photography/Equipment_and_Services
1552;dmoz/Arts/Performing_Arts/Performers
1279;dmoz/Science/Social_Sciences/Social_Work
802;dmoz/Health/Mental_Health/Child_and_Adolescent
1344;dmoz/Business/Energy/Electricity
342;dmoz/Computers/Systems/Apple
1453;dmoz/Arts/Movies/Film_Festivals
354;dmoz/Arts/Literature/Authors
1234;dmoz/Sports/Cycling/Racing
241;dmoz/Health/Medicine/Research
1215;dmoz/Sports/Equestrian/Carriage_Driving
577;dmoz/Society/Gay,_Lesbian,_and_Bisexual/Arts_and_Entertainment
1090;dmoz/Shopping/Home_and_Garden/Electrical
1107;dmoz/Business/Chemicals/Agrochemicals
1590;dmoz/Home/Cooking/Special_Diets
986;dmoz/Recreation/Humor/Useless_Pages
38;dmoz/Business/Mining_and_Drilling
504;dmoz/Business/Financial_Services/Mortgages
983;dmoz/Reference/Knowledge_Management/Knowledge_Creation
1297;dmoz/Business/Opportunities/Inventions
63;dmoz/Business/Consumer_Goods_and_Services/Awards
1482;dmoz/Science/Anomalies_and_Alternative_Science
564;dmoz/Computers/Robotics/Competitions
65;dmoz/Shopping/Gifts/Personalized
117;dmoz/Arts/Literature/World_Literature
1571;dmoz/Sports/Disabled
1356;dmoz/Shopping/Home_and_Garden/Swimming_Pools_and_Spas
964;dmoz/Business/Materials/Nanomaterials
1520;dmoz/Computers/Security/Intrusion_Detection_Systems
1067;dmoz/Shopping/Music/Instruments
1754;dmoz/Sports/Soccer/CAF
1103;dmoz/Health/Senior_Health
1118;dmoz/Sports/Skating/Roller_Skating
1213;dmoz/Recreation/Outdoors/Wildlife
46;dmoz/Reference
764;dmoz/Society/Religion_and_Spirituality/Hinduism
243;dmoz/Science/Organizations
470;dmoz/Society/Organizations/Fraternal
1506;dmoz/Recreation/Travel/Lodging
213;dmoz/Games/Video_Games/Massive_Multiplayer_Online
340;dmoz/Science/Agriculture/Pests_and_Diseases
357;dmoz/Recreation/Birding
708;dmoz/Sports/Fantasy
607;dmoz/Sports/Hockey/Field_Hockey
1767;dmoz/Society/Religion_and_Spirituality/Yoga
514;dmoz/Health/Support_Groups
1945;dmoz/Shopping/Health/Massage_Equipment
1736;dmoz/Business/Business_Services/Outsourcing
556;dmoz/Home/Cooking/Weblogs
544;dmoz/Computers/Software/Master_Data_Management
1227;dmoz/Business/Arts_and_Entertainment/Agents_and_Agencies
1866;dmoz/Reference/Education/Organizations
1031;dmoz/Health/Mental_Health/Counseling_Services
1104;dmoz/Health/Senior_Health/Assisted_Living
118;dmoz/Computers/Mobile_Computing
119;dmoz/Computers/Mobile_Computing/Wireless_Data
795;dmoz/Science/Instruments_and_Supplies/Laboratory_Equipment
1675;dmoz/Arts/Radio/Internet
54;dmoz/Shopping/Home_and_Garden/Furniture
1330;dmoz/Shopping/Office_Products/Furniture
538;dmoz/Business/Business_Services/Customer_Management
1180;dmoz/Health/Conditions_and_Diseases/Digestive_System_Disorders
851;dmoz/Recreation/Theme_Parks
211;dmoz/Sports/Motorsports
774;dmoz/Business/Construction_and_Maintenance/Residential_Housing
153;dmoz/Business/Consumer_Goods_and_Services/Toys_and_Games
466;dmoz/Science/Agriculture/Animals
814;dmoz/Health/Animal/Mammals
393;dmoz/Business/Investing/Software
467;dmoz/Business/Arts_and_Entertainment/Music
186;dmoz/Arts/Television
1121;dmoz/Society/Subcultures
1349;dmoz/Science/Physics/Relativity
1277;dmoz/Shopping/Sports/Martial_Arts
1278;dmoz/Sports/Martial_Arts/Schools_and_Instruction
1389;dmoz/Computers/Internet/Chat
1136;dmoz/Business/Telecommunications/Location_and_Tracking
201;dmoz/Business/Marketing_and_Advertising/Strategic
1647;dmoz/Sports/Water_Sports/Dragon_Boating
850;dmoz/Business/Arts_and_Entertainment/Media_Conglomerates
1009;dmoz/Society/Philanthropy/Hunger_Relief
1810;dmoz/Games/Roleplaying/World_Building
832;dmoz/Health/Mental_Health/Self-Help
1575;dmoz/Health/Reproductive_Health/Infertility
1201;dmoz/Recreation/Trains_and_Railroads
1398;dmoz/Shopping/Children/Home_Decor
1750;dmoz/Computers/Education/Certification
1691;dmoz/Science/Anomalies_and_Alternative_Science/Cryptozoology
782;dmoz/Society/Disabled/Travel
552;dmoz/Society/Death
1060;dmoz/Business/Management/Education_and_Training
234;dmoz/Arts/Online_Writing
1461;dmoz/Business/Business_Services/Quality_Control_and_Tracking
511;dmoz/Recreation/Aviation/Model_Aviation
821;dmoz/Business/Electronics_and_Electrical/Instrumentation
674;dmoz/Sports/Bowling/Regional
731;dmoz/Shopping/Visual_Arts/Photography
651;dmoz/Sports/Football/Canadian
484;dmoz/Business/Telecommunications
1246;dmoz/Science/Biology/Cryobiology
1141;dmoz/Arts/Music/Vocal
464;dmoz/Society/Religion_and_Spirituality/Divination
199;dmoz/Business/Real_Estate/Commercial
209;dmoz/Home/Cooking/Meat
1826;dmoz/Home/Cooking/Salads
1010;dmoz/Society/Philanthropy/Volunteering
570;dmoz/Arts/Entertainment/Weblogs
843;dmoz/Games/Online/MUDs
151;dmoz/Business/Electronics_and_Electrical/Substation_and_Transmission
757;dmoz/Business/Textiles_and_Nonwovens/Textiles
138;dmoz/Health
537;dmoz/Business/Management/Supply_Chain
1070;dmoz/Sports/Soccer/News_and_Media
684;dmoz/Arts/Photography/Techniques_and_Styles
799;dmoz/Arts/Education
1592;dmoz/Shopping/Publications/Maps
591;dmoz/Shopping/Crafts/Soft_Toys
592;dmoz/Business/Industrial_Goods_and_Services/Bearings
1761;dmoz/Business/Food_and_Related_Products/Snack_Foods
1466;dmoz/Recreation/Collecting/Themes
486;dmoz/Computers/Software/Shareware
1562;dmoz/Computers/Security/Malicious_Software
1507;dmoz/Society/People/Expatriates
704;dmoz/Science/Reference
705;dmoz/Science/Reference/Standards
1533;dmoz/Science/Biology/Bioinformatics
1484;dmoz/Reference/Museums/Children's_Museums
565;dmoz/Sports/Hockey
318;dmoz/Business/Financial_Services/Credit_and_Collection
601;dmoz/Sports/Winter_Sports
424;dmoz/Shopping/Clothing
1185;dmoz/Science/Biology/Ecology
1397;dmoz/Society/Gay,_Lesbian,_and_Bisexual/Travel
1175;dmoz/Shopping/Health/Reproduction_and_Sexuality
145;dmoz/Sports
532;dmoz/Home/Cooking/Chefs
346;dmoz/Computers/Companies/Product_Support
411;dmoz/Shopping/Crafts/Supplies
1162;dmoz/Shopping/Clothing/Children's
1543;dmoz/Shopping/Clothing/Niche
1275;dmoz/Business/Food_and_Related_Products/Meat_and_Seafood
1556;dmoz/Business/Textiles_and_Nonwovens/Industrial_Yarns_and_Sewing_Threads
1394;dmoz/Arts/Online_Writing/Journals
1526;dmoz/Recreation/Outdoors/Snowmobiling
1756;dmoz/Science/Science_in_Society/Forensic_Science
920;dmoz/Recreation/Aviation/Aircraft
1998;dmoz/Society/Philosophy/Academic_Departments
707;dmoz/Games/Gambling/Sports
698;dmoz/Business/Food_and_Related_Products/Consulting
160;dmoz/Games/Gambling
1038;dmoz/Recreation/Collecting/Stamps
185;dmoz/Shopping/Vehicles/Watercraft
867;dmoz/Sports/Cycling/Bike_Shops
1318;dmoz/Shopping/Recreation/Drugs
518;dmoz/Sports/Bowling
968;dmoz/Recreation/Camps/North_America
338;dmoz/Shopping/Consumer_Electronics/Accessories
1153;dmoz/Computers/Hardware/Cables
965;dmoz/Business/Construction_and_Maintenance/Tools_and_Equipment
1251;dmoz/Reference/Libraries/Friends_of_the_Library
388;dmoz/Recreation/Autos
587;dmoz/Business/Retail_Trade/Store_Fixtures
1293;dmoz/Business/Textiles_and_Nonwovens/Resources
827;dmoz/Sports/Baseball/Youth
435;dmoz/Arts/Music/Styles
1111;dmoz/Health/Nursing
1922;dmoz/Health/Conditions_and_Diseases/Genetic_Disorders
1207;dmoz/Society/Organizations/Nonprofit_Resources
630;dmoz/Business/Construction_and_Maintenance/Consulting
1887;dmoz/Arts/Performing_Arts/Puppetry
177;dmoz/Business/Investing/Research_and_Analysis
1915;dmoz/Health/Medicine/Employment
463;dmoz/Arts/Movies/Cultures_and_Groups
848;dmoz/Games/Video_Games/Console_Platforms
1120;dmoz/Computers/Multimedia/Development_Frameworks
971;dmoz/Society/Activism/Media
187;dmoz/Arts/Television/Stations
1800;dmoz/Society/Philosophy/Movements
749;dmoz/Computers/Software/ERP
1013;dmoz/Health/Women's_Health
579;dmoz/Society/Gay,_Lesbian,_and_Bisexual/Gay_Men
1708;dmoz/Society/Organizations/Lineage
733;dmoz/Business/Chemicals/Polymers
828;dmoz/Business/Employment/Careers
30;dmoz/Society/Religion_and_Spirituality
1374;dmoz/Recreation/Boating/Canals
1470;dmoz/Society/Gay,_Lesbian,_and_Bisexual/Student
863;dmoz/Games/Roleplaying/Genres
1406;dmoz/Home/Cooking/Baking_and_Confections
1441;dmoz/Home/Consumer_Information/Home_and_Family
169;dmoz/Shopping/Entertainment/Tickets
728;dmoz/Health/Beauty
1017;dmoz/Science/Environment/Products_and_Services
292;dmoz/Society/Lifestyle_Choices
626;dmoz/Arts/Music/Clubs_and_Venues
766;dmoz/Business/Chemicals/Specialties
1490;dmoz/Arts/Music/DJs
690;dmoz/Business/Consumer_Goods_and_Services/Sporting_Goods
1150;dmoz/Health/Fitness
1137;dmoz/Health/News_and_Media
2012;dmoz/Recreation/Tobacco
729;dmoz/Arts/Literature/Genres
534;dmoz/Business/Agriculture_and_Forestry/Barns_and_Structures
98;dmoz/Shopping/Toys_and_Games
677;dmoz/Arts/Design/Fashion
1476;dmoz/Shopping/Recreation/Knives
359;dmoz/Recreation/Birding/Europe
826;dmoz/Sports/Baseball/Minor_League
144;dmoz/Games/Video_Games/Multiplayer
1793;dmoz/Shopping/Antiques_and_Collectibles/Militaria
1500;dmoz/Business/Consumer_Goods_and_Services/Firearms
216;dmoz/Recreation/Motorcycles
597;dmoz/Recreation/Motorcycles/Organizations
1209;dmoz/Arts/Illustration
1369;dmoz/Sports/Soccer/Players
894;dmoz/Shopping/Clothing/Costumes
1654;dmoz/Business/Electronics_and_Electrical/Optoelectronics_and_Fiber
1743;dmoz/Science/Agriculture/Aquaculture
1686;dmoz/Computers/Programming/Resources
760;dmoz/Sports/Soccer
1485;dmoz/Recreation/Pets/Rabbits
1002;dmoz/Recreation/Collecting/Models
1003;dmoz/Shopping/Recreation/Models
896;dmoz/Computers/Software/Document_Imaging
123;dmoz/Arts/Visual_Arts/Performance_Art
711;dmoz/Sports/Wrestling
1714;dmoz/Business/Food_and_Related_Products/Baked_Goods
893;dmoz/Business/Electronics_and_Electrical/Power_Supplies
1125;dmoz/Shopping/Home_and_Garden/Bedroom
334;dmoz/Arts/Crafts/Woodcraft
256;dmoz/Arts/Music/Education
451;dmoz/Science/Environment/Energy
1170;dmoz/Science/Biology/Immunology
737;dmoz/Business/Customer_Service
1809;dmoz/Science/Biology/History
1400;dmoz/Business/Industrial_Goods_and_Services/Cable_and_Wire
1498;dmoz/Business/Materials/Pulp_and_Paper
701;dmoz/Society/Organizations/Service_Clubs
1147;dmoz/Business/Food_and_Related_Products/Organic
606;dmoz/Shopping/Food/Seasonings
692;dmoz/Shopping/Clothing/Ethnic_and_Regional
115;dmoz/Business/Human_Resources
1362;dmoz/Computers/Security/Products_and_Tools
1220;dmoz/Business/Telecommunications/Call_Centers
1023;dmoz/Science/Physics/Nuclear
676;dmoz/Arts/Design
1939;dmoz/Sports/Martial_Arts/Karate
652;dmoz/Shopping/Jewelry/Watches
653;dmoz/Business/Consumer_Goods_and_Services/Jewelry
1042;dmoz/Shopping/Office_Products
1043;dmoz/Shopping/Office_Products/Supplies
1525;dmoz/Science/Math/Operations_Research
675;dmoz/Home/Consumer_Information/Clothing_and_Accessories
1235;dmoz/Business/Arts_and_Entertainment/Sports
12;dmoz/Computers
1306;dmoz/Sports/Football/Australian_Rules
1068;dmoz/Business/Industrial_Goods_and_Services/Engineering
1559;dmoz/Sports/Skateboarding
1876;dmoz/Sports/Winter_Sports/Curling
51;dmoz/Business/Food_and_Related_Products
1287;dmoz/Recreation/Living_History/By_Historical_Region
1086;dmoz/Society/Ethnicity/Romani
1225;dmoz/Society/Law/Education
754;dmoz/Business/Chemicals/Coatings_and_Adhesives
497;dmoz/Business/Automotive/Import_and_Export
426;dmoz/Computers/Hardware
790;dmoz/Sports/Table_Tennis
1524;dmoz/Shopping/Health/Pharmacy
227;dmoz/Business/Financial_Services/Financial_Consultants
386;dmoz/Shopping/Classifieds
524;dmoz/Shopping/Sports/Motorsports
1200;dmoz/Shopping/Recreation/Science_and_Nature
858;dmoz/Games/Video_Games/Action-Adventure
825;dmoz/Computers/Software/Marketing
1683;dmoz/Health/News_and_Media/Publications
1298;dmoz/Games/Card_Games/Trick_Capturing
43;dmoz/Business/Mining_and_Drilling/Tools_and_Equipment
836;dmoz/Business/Financial_Services/Employment
97;dmoz/Games/Board_Games/Abstract
1216;dmoz/Shopping/Food/Cheese
1303;dmoz/Health/Conditions_and_Diseases/Endocrine_Disorders
1837;dmoz/Health/Professions/Occupational_Therapy
945;dmoz/Shopping/Entertainment/Television_and_Movies
1737;dmoz/Shopping/Jewelry/Supplies
489;dmoz/Business/Electronics_and_Electrical/Components
1198;dmoz/Computers/Programming/Component_Frameworks
1264;dmoz/Business/Biotechnology_and_Pharmaceuticals/Contract_Research_Organizations
1024;dmoz/Computers/Multimedia/Software
439;dmoz/Computers/Open_Source
709;dmoz/Sports/Fantasy/Football
1901;dmoz/Reference/Directories
1902;dmoz/Reference/Directories/Address_and_Phone_Numbers
294;dmoz/Business/Business_Services/Auctions
562;dmoz/Sports/Paintball/Teams
918;dmoz/Computers/Software/Graphics
1361;dmoz/Science/Agriculture/Soils
469;dmoz/Sports/Softball/Fastpitch
443;dmoz/Business/Consumer_Goods_and_Services/Beauty
1032;dmoz/Science/Educational_Resources
1331;dmoz/Business/Consumer_Goods_and_Services/Office_Products
217;dmoz/Recreation/Motorcycles/Events
1799;dmoz/Society/Religion_and_Spirituality/Atheism
1783;dmoz/Home/Rural_Living
866;dmoz/Sports/Cycling/Mountain_Biking
1335;dmoz/Sports/Football/Rugby_Union
1376;dmoz/Sports/Football/Rugby_League
627;dmoz/Computers/Software/Industry-Specific
391;dmoz/Recreation/Models
1502;dmoz/Business/Financial_Services/Payroll_Services
1206;dmoz/Business/Business_Services/Consulting
1059;dmoz/Business/Education_and_Training/Business_Development
268;dmoz/Business/Chemicals/Biochemical
34;dmoz/Business/Agriculture_and_Forestry
1855;dmoz/Recreation/Pets/Reptiles_and_Amphibians
1284;dmoz/Business/Telecommunications/Software
1388;dmoz/Science/Physics/History
530;dmoz/Business/Hospitality
533;dmoz/Recreation/Food/Dining_Guides
649;dmoz/Science/Astronomy
1304;dmoz/Business/Agriculture_and_Forestry/Field_Crops
593;dmoz/Shopping/Toys_and_Games/Stuffed_Animals
691;dmoz/Games/Video_Games/Platform
952;dmoz/Science/Astronomy/Amateur
857;dmoz/Arts/Movies/Reviews
1232;dmoz/Sports/Paintball/Fields
908;dmoz/Business/Financial_Services/Cash_Flow
1202;dmoz/Recreation/Trains_and_Railroads/Organizations
1171;dmoz/Business/Business_Services/Event_Planning_and_Production
1885;dmoz/Sports/Tennis/College_and_University
1064;dmoz/Health/Animal/Veterinary_Medicine
647;dmoz/Business/Transportation_and_Logistics/Freight_Forwarding
262;dmoz/Science/Agriculture/Horticulture
1413;dmoz/Society/Religion_and_Spirituality/Spiritualism
130;dmoz/Business/Energy/Management
586;dmoz/Arts/Visual_Arts/Painting
844;dmoz/Sports/Tennis
845;dmoz/Sports/Tennis/Players
909;dmoz/Business/E-Commerce
1617;dmoz/Shopping/Clothing/Women's
1536;dmoz/Health/Medicine/Education
1864;dmoz/Recreation/Collecting/Postcards
500;dmoz/Business/Telecommunications/Equipment
734;dmoz/Business/Environment
735;dmoz/Business/Environment/Waste_Management
240;dmoz/Health/Medicine
840;dmoz/Sports/Golf/Tournaments_and_Events
582;dmoz/Shopping/Visual_Arts/Portraits_From_Photos
295;dmoz/Shopping/Auctions
1123;dmoz/Recreation/Roads_and_Highways/Route_66
1698;dmoz/Health/Dentistry
1018;dmoz/Reference/Museums/Arts_and_Entertainment
208;dmoz/Shopping/Food/Condiments
100;dmoz/Business/Arts_and_Entertainment/Gaming
993;dmoz/Business/Food_and_Related_Products/Import_and_Export
820;dmoz/Computers/Hardware/Storage
1151;dmoz/Shopping/Sports/Fitness
928;dmoz/Shopping/Gifts/Stationery
930;dmoz/Recreation/Collecting/Sports
973;dmoz/Arts/Animation/Voice_Actors
1751;dmoz/Recreation/Antiques
948;dmoz/Business/Construction_and_Maintenance/Commercial_Contractors
563;dmoz/Computers/Robotics
2019;dmoz/Science/Social_Sciences/Sociology
1681;dmoz/Shopping/Clothing/Natural_Fiber
1199;dmoz/Society/Law/Employment
255;dmoz/Arts/Music/Personal_Pages
207;dmoz/Home/Cooking/Fish_and_Seafood
1664;dmoz/Computers/Computer_Science/Conferences
1007;dmoz/Business/Healthcare/Marketing_and_Advertising
198;dmoz/Business/Real_Estate
1385;dmoz/Computers/History
1393;dmoz/Computers/History/Pioneers
1099;dmoz/Sports/Track_and_Field
1546;dmoz/Society/People/College_Life
1233;dmoz/Sports/Cycling/Organizations
1616;dmoz/Science/Math/Logic_and_Foundations
783;dmoz/Sports/Running
1282;dmoz/Games/Party_Games
1348;dmoz/Home/Cooking/Beverages
1463;dmoz/Computers/Education
1412;dmoz/Reference/Maps
1931;dmoz/Recreation/Motorcycles/ATVs
1564;dmoz/Health/Animal/Pets
1368;dmoz/Sports/Equestrian/Western_Performance
1323;dmoz/Science/Social_Sciences/Communication
1432;dmoz/Computers/E-Books
293;dmoz/Society/Lifestyle_Choices/Vegetarianism
1670;dmoz/Sports/Motorsports/Motorcycle_Racing
1183;dmoz/Business/Food_and_Related_Products/Dairy
1646;dmoz/Recreation/Humor/Parodies
1636;dmoz/Science/Math/Publications
215;dmoz/Shopping/Jewelry/Precious_Metals
1044;dmoz/Shopping/Visual_Arts/Painting
1243;dmoz/Health/Conditions_and_Diseases/Skin_Disorders
1449;dmoz/Health/Alternative/Energy_Healing
1905;dmoz/Business/Publishing_and_Printing/Binding_and_Finishing
839;dmoz/Sports/Golf
1085;dmoz/Sports/Golf/Courses
1172;dmoz/Science/Biology/Microbiology
1404;dmoz/Shopping/Food/Confectionery
870;dmoz/Arts/Comics/Retailers
771;dmoz/Shopping/Clothing/Undergarments
250;dmoz/Business/Marketing_and_Advertising/Direct_Marketing
434;dmoz/Arts/Performing_Arts/Comedy
1631;dmoz/Science/Science_in_Society
1888;dmoz/Shopping/Clothing/Swimwear
1527;dmoz/Science/Technology/Biomedical_Engineering
1594;dmoz/Recreation/Humor/Jokes
1510;dmoz/Recreation/Boating/Sailing
214;dmoz/Shopping/Jewelry
1098;dmoz/Shopping/Jewelry/Handcrafted
946;dmoz/Recreation/Humor/Bizarre
902;dmoz/Business/Chemicals/Cleaning_Agents_and_Toiletries
1694;dmoz/Recreation/Scouting/History
317;dmoz/Reference/Libraries/Library_and_Information_Science
1015;dmoz/Health/Medicine/Informatics
561;dmoz/Sports/Paintball
309;dmoz/Games/Conventions
864;dmoz/Sports/Cycling
1967;dmoz/Health/Alternative/Fasting_and_Cleansing
488;dmoz/Recreation/Collecting/Coins
1880;dmoz/Science/Chemistry/Academic_Departments
2011;dmoz/Shopping/Tobacco/Cigars
767;dmoz/Computers/Bulletin_Board_Systems
1176;dmoz/Reference/Dictionaries
663;dmoz/Recreation/Boating
1336;dmoz/Shopping/Sports/Equestrian
817;dmoz/Shopping/Food/Meat
1537;dmoz/Health/Alternative/Holistic_and_Integrated_Medicine
48;dmoz/Reference/Museums/Science
947;dmoz/Business/Electronics_and_Electrical/Heating_and_Cooling
681;dmoz/Sports/Martial_Arts/Kung_Fu
1655;dmoz/Society/Subcultures/Gothic
1016;dmoz/Business/Construction_and_Maintenance/Trenchless_Technology
1396;dmoz/Society/Philosophy/Philosophy_of_Mind
1605;dmoz/Recreation/Pets/Exotic
1494;dmoz/Computers/Security/Firewalls
550;dmoz/Reference/Museums/Cultural
980;dmoz/Computers/Software/Networking
1503;dmoz/Recreation/Autos/Repair
361;dmoz/Shopping/Pets/Birds
1787;dmoz/Science/Social_Sciences/Anthropology
343;dmoz/Games/Video_Games/Construction
631;dmoz/Business/Real_Estate/Development
1337;dmoz/Business/Food_and_Related_Products/Cooperatives
787;dmoz/Sports/Resources
1071;dmoz/Sports/Resources/News_and_Media
1276;dmoz/Business/Food_and_Related_Products/Grains_and_Legumes
560;dmoz/Sports/Baseball/Major_League
1483;dmoz/Shopping/Clothing/Footwear
1752;dmoz/Recreation/Antiques/Farm_and_Ranch_Equipment
131;dmoz/Business/Energy/Consulting
1127;dmoz/Games/Gambling/Casinos
95;dmoz/Games/Video_Games/Game_Design
710;dmoz/Games/Video_Games/Driving_and_Racing
769;dmoz/Business/Opportunities/Vending
1319;dmoz/Science/Software
1320;dmoz/Science/Software/Simulation
1112;dmoz/Health/Nursing/Organizations
184;dmoz/Shopping/Vehicles
496;dmoz/Business/Automotive
1812;dmoz/Science/Astronomy/Cosmology
1237;dmoz/Business/Business_Services/Physical_Asset_Management
1589;dmoz/Reference/Education/Instructional_Technology
529;dmoz/Business/Automotive/Motorcycles
1542;dmoz/Computers/Internet/RFCs
886;dmoz/Health/Conditions_and_Diseases/Wounds_and_Injuries
900;dmoz/Computers/Internet/Routers_and_Routing
1672;dmoz/Recreation/Scouting/Campsites
1778;dmoz/Society/Gay,_Lesbian,_and_Bisexual/Lesbian
963;dmoz/Business/Materials
1414;dmoz/Shopping/Music/Related_Merchandise
1340;dmoz/Arts/Architecture/Preservation
1669;dmoz/Shopping/Food/Sweeteners
1637;dmoz/Business/Opportunities/Online_Opportunities
276;dmoz/Business/Employment
892;dmoz/Sports/Winter_Sports/Snowboarding
1375;dmoz/Recreation/Travel/Image_Galleries
876;dmoz/Games/Video_Games/Fighting
542;dmoz/Arts/Crafts/Metal_Craft
299;dmoz/Shopping/Health
55;dmoz/Business/Consumer_Goods_and_Services
695;dmoz/Health/Organizations
605;dmoz/Games/Board_Games/War_and_Politics
362;dmoz/Sports/Motorsports/Karting
1239;dmoz/Recreation/Camps/Day
1401;dmoz/Sports/Squash
1338;dmoz/Business/Information_Technology/News_and_Media
830;dmoz/Society/Philosophy
662;dmoz/Sports/Water_Sports/Surfing
1001;dmoz/Business/Consumer_Goods_and_Services/Recreation
1193;dmoz/Science/Biology/Evolution
1727;dmoz/Society/Religion_and_Spirituality/Esoteric_and_Occult
1688;dmoz/Science/Math/Analysis
1519;dmoz/Home/Cooking/For_Children
2010;dmoz/Shopping/Tobacco
1489;dmoz/Society/Ethnicity/Multiracial
2055;dmoz/Health/Professions/Medical_Transcription
712;dmoz/Sports/Wrestling/Amateur
1763;dmoz/Business/Automotive/Recreational_Vehicles
1659;dmoz/Society/Religion_and_Spirituality/Scientology
1184;dmoz/Society/Lifestyle_Choices/Veganism
699;dmoz/Arts/Movies/Organizations
1113;dmoz/Health/Nursing/Specialties
1758;dmoz/Games/Puzzles/Mazes
402;dmoz/Society/Organizations
2028;dmoz/Society/Politics/Anarchism
1179;dmoz/Health/Conditions_and_Diseases/Ear,_Nose_and_Throat
408;dmoz/Society/Paranormal
465;dmoz/Society/Paranormal/Psychic
210;dmoz/Home/Cooking/Fruits_and_Vegetables
1190;dmoz/Science/Environment/Hazardous_Materials
988;dmoz/Arts/Radio/Personalities
2021;dmoz/Society/Paranormal/UFOs
491;dmoz/Sports/Football
1054;dmoz/Recreation/Radio/Amateur
1469;dmoz/Arts/Radio/Regional
1295;dmoz/Shopping/Clothing/Accessories
1843;dmoz/Society/Religion_and_Spirituality/Baha'ism
598;dmoz/Recreation/Motorcycles/Touring
1178;dmoz/Health/Conditions_and_Diseases/Musculoskeletal_Disorders
1094;dmoz/Recreation/Climbing
512;dmoz/Reference/Museums/Transportation
218;dmoz/Shopping/Jewelry/Theme
1439;dmoz/Home/Homemaking
995;dmoz/Business/Management/Software
1465;dmoz/Business/Business_Services/Office_Services
1709;dmoz/Shopping/Sports/Golf
1643;dmoz/Recreation/Aviation/Skydiving
163;dmoz/Arts/Writers_Resources
1486;dmoz/Arts/Writers_Resources/News_and_Media
1596;dmoz/Games/Gambling/Poker
768;dmoz/Business/Opportunities
1563;dmoz/Business/Opportunities/Franchising
1229;dmoz/Arts/Writers_Resources/FAQs,_Help,_and_Tutorials
1930;dmoz/Computers/Internet/Protocols
1124;dmoz/Shopping/Pets/Supplies
1729;dmoz/Computers/Internet/Consultants
474;dmoz/Health/Public_Health_and_Safety
1341;dmoz/Business/Construction_and_Maintenance/Historic_Preservation
1653;dmoz/Reference/Quotations
527;dmoz/Shopping/Vehicles/Autos
1894;dmoz/Arts/Visual_Arts/ASCII_Art
1092;dmoz/Sports/Water_Sports/Swimming_and_Diving
1934;dmoz/Computers/CAD_and_CAM/Computer_Aided_Manufacturing
956;dmoz/Arts/Performing_Arts/Magic
958;dmoz/Shopping/Entertainment/Performing_Arts
789;dmoz/Computers/Data_Communications/Telephony
1910;dmoz/Society/Subcultures/Rave
1574;dmoz/Science/Chemistry/Environmental_Chemistry
1739;dmoz/Society/Religion_and_Spirituality/Taoism
812;dmoz/Health/Animal
1373;dmoz/Business/Information_Technology/Employment
568;dmoz/Sports/Flying_Discs/Ultimate_Frisbee
106;dmoz/Business/Consumer_Goods_and_Services/Gifts_and_Occasions
418;dmoz/Society/Religion_and_Spirituality/Pagan
1481;dmoz/Society/Philosophy/Reference
447;dmoz/Business/Healthcare
1528;dmoz/Business/Consumer_Goods_and_Services/Pet_Supplies
1579;dmoz/Society/Politics/Consultants
578;dmoz/Society/Gay,_Lesbian,_and_Bisexual/Sports
1982;dmoz/Society/Organizations/High_Intelligence
1384;dmoz/Computers/Organizations
984;dmoz/Science/Social_Sciences/Political_Science
938;dmoz/Arts/Online_Writing/Poetry
1685;dmoz/Computers/Parallel_Computing/Programming
1626;dmoz/Games/Miniatures/Science_Fiction
852;dmoz/Recreation/Theme_Parks/Disney
1072;dmoz/Arts/Bodyart
1073;dmoz/Arts/Bodyart/Tattoo
716;dmoz/Computers/Robotics/Companies
1327;dmoz/Society/Disabled/Arts
1420;dmoz/Health/Medicine/Imaging
1173;dmoz/Games/Roleplaying/Live_Action
1402;dmoz/Arts/Crafts/Lacemaking
1491;dmoz/Business/Electronics_and_Electrical/Transformers_and_Inductors
1802;dmoz/Computers/Systems/Sinclair
44;dmoz/Computers/Software
1661;dmoz/Computers/Hardware/Buses
1299;dmoz/Home/Family/Babies
1074;dmoz/Shopping/Niche
1289;dmoz/Society/Religion_and_Spirituality/Advaita_Vedanta
1405;dmoz/Business/Food_and_Related_Products/Confectionery
1859;dmoz/Shopping/Ethnic_and_Regional/Asian
1586;dmoz/Sports/Softball/Slowpitch
247;dmoz/Society/Holidays/Christmas
1230;dmoz/Shopping/Crafts/Glass
528;dmoz/Recreation/Motorcycles/Makes_and_Models
1447;dmoz/Sports/Basketball/Women
841;dmoz/Sports/Golf/Organizations
551;dmoz/Reference/Museums/Military
47;dmoz/Reference/Museums
654;dmoz/Business/Financial_Services/Holding_Companies
1122;dmoz/Society/Subcultures/Hip-Hop
1019;dmoz/Arts/Organizations
1618;dmoz/Sports/Lacrosse
1475;dmoz/Games/Video_Games/Strategy
813;dmoz/Health/Animal/Conditions_and_Diseases
1613;dmoz/Shopping/Weddings
1844;dmoz/Shopping/Food/Fish_and_Seafood
1030;dmoz/Health/Conditions_and_Diseases/Eye_Disorders
1534;dmoz/Business/Hospitality/Restaurant_Chains
1555;dmoz/Society/Paranormal/Ghosts
1811;dmoz/Society/Holidays/Halloween
1721;dmoz/Business/Textiles_and_Nonwovens/Leather_and_Fur
1628;dmoz/Computers/Programming/Methodologies
535;dmoz/Games/Online
1329;dmoz/Business/Human_Resources/Consulting
865;dmoz/Sports/Cycling/Regional
1360;dmoz/Business/Construction_and_Maintenance/Directories
1633;dmoz/Science/News_and_Media/Weblogs
929;dmoz/Shopping/Toys_and_Games/Trading_Cards
1772;dmoz/Recreation/Motorcycles/Schools
507;dmoz/Recreation/Aviation
352;dmoz/Business/Publishing_and_Printing
1370;dmoz/Sports/Extreme_Sports
531;dmoz/Business/Hospitality/Food_Service
1051;dmoz/Shopping/Crafts/Decorative_Painting
803;dmoz/Computers/Computer_Science/Distributed_Computing
1704;dmoz/Sports/Gymnastics
1705;dmoz/Sports/Gymnastics/Artistic
162;dmoz/Arts/Visual_Arts/Drawing
596;dmoz/Shopping/Vehicles/Motorcycles
1578;dmoz/Recreation/Outdoors/Scuba_Diving
269;dmoz/Sports/Rodeo
1309;dmoz/Science/Math/Statistics
219;dmoz/Shopping/Jewelry/Wedding
1189;dmoz/Science/Environment/Pollution_Prevention_and_Recycling
1020;dmoz/Arts/Organizations/Regional
1710;dmoz/Sports/Golf/News_and_Media
862;dmoz/Computers/Artificial_Intelligence/Machine_Learning
872;dmoz/Shopping/Clothing/Formal_Wear
1197;dmoz/Business/Food_and_Related_Products/Condiments_and_Seasonings
456;dmoz/Science/Biology
1188;dmoz/Health/Conditions_and_Diseases/Allergies
1561;dmoz/Society/Genealogy/Services
40;dmoz/Science
1444;dmoz/Arts/Music/Composition
1028;dmoz/Health/Senses
1029;dmoz/Health/Senses/Vision
1689;dmoz/Sports/Running/Hashing
1805;dmoz/Home/Consumer_Information/Appliances
1294;dmoz/Recreation/Outdoors/Urban_Exploration
1256;dmoz/Science/Social_Sciences/Cognitive_Science
1417;dmoz/Sports/Water_Sports/Canoeing_and_Kayaking
1443;dmoz/Arts/Music/Women_in_Music
700;dmoz/Arts/Movies/Education
68;dmoz/Recreation/Food
64;dmoz/Shopping/Gifts
917;dmoz/Home/Home_Improvement
1440;dmoz/Business/Hospitality/Education_and_Training
1663;dmoz/Arts/Literature/Magazines_and_E-zines
1744;dmoz/Computers/Hardware/Used
125;dmoz/Arts/Performing_Arts/Venues
772;dmoz/Shopping/Sports/Apparel
1159;dmoz/Shopping/Children/Blankets_and_Bedding
1509;dmoz/Shopping/Visual_Arts/Sculpture
1650;dmoz/Sports/Multi-Sports
1676;dmoz/Business/Transportation_and_Logistics/Towing_and_Recovery
541;dmoz/Society/Religion_and_Spirituality/Humanism
421;dmoz/Business/Electronics_and_Electrical/Contract_Manufacturing
829;dmoz/Science/Technology/Electronics
406;dmoz/Health/Professions/Midwifery
1831;dmoz/Shopping/Publications/University_Presses
335;dmoz/Computers/Software/Desktop_Customization
1270;dmoz/Business/Arts_and_Entertainment/Visual_Arts
1912;dmoz/Computers/Desktop_Publishing
1110;dmoz/Shopping/Travel/Luggage
992;dmoz/Arts/Visual_Arts/Sculpture
249;dmoz/Shopping/Crafts/Dolls
914;dmoz/Recreation/Outdoors/Caving
819;dmoz/Shopping/Food/Ethnic_and_Regional
315;dmoz/Business/Marketing_and_Advertising/Marketing_Support_Services
1779;dmoz/Reference/Education/Early_Childhood
1325;dmoz/Science/Biology/Mycology
345;dmoz/Computers/Companies
1313;dmoz/Sports/Cue_Sports
9;dmoz/Recreation
1130;dmoz/Games/Gambling/Consultants
1601;dmoz/Shopping/Consumer_Electronics/Audio
750;dmoz/Computers/Software/Retailers
1080;dmoz/Arts/Movies/News_and_Media
982;dmoz/Sports/Basketball/College_and_University
765;dmoz/Business/Industrial_Goods_and_Services/Factory_Automation
122;dmoz/Arts/Visual_Arts
171;dmoz/Arts/Visual_Arts/Galleries
717;dmoz/Computers/Robotics/Research
206;dmoz/Home/Cooking/Sandwiches
1245;dmoz/Science/Earth_Sciences/Geophysics
1632;dmoz/Science/News_and_Media
1427;dmoz/Health/Professions/Physical_Therapy
94;dmoz/Games/Video_Games/Computer_Platforms
312;dmoz/Shopping/Holidays/Christmas
1687;dmoz/Arts/Crafts/Modeling_Compounds
922;dmoz/Business/Marketing_and_Advertising/Market_Research
311;dmoz/Shopping/Holidays
203;dmoz/Shopping/Home_and_Garden/Barbecues
1143;dmoz/Sports/Strength_Sports
1144;dmoz/Sports/Strength_Sports/Bodybuilding
1177;dmoz/Reference/Dictionaries/By_Subject
1765;dmoz/Reference/Archives/Regional
1627;dmoz/Society/Military/POW-MIA
1791;dmoz/Arts/Humanities/Scholarship_and_Technology
1260;dmoz/Shopping/Health/Conditions_and_Diseases
1995;dmoz/Recreation/Pets/Ferrets
1764;dmoz/Reference/Archives
1999;dmoz/Sports/Martial_Arts/Tae_Kwon_Do
1342;dmoz/Recreation/Trains_and_Railroads/History
113;dmoz/Society/Folklore/Literature
998;dmoz/Shopping/Health/Nutrition
124;dmoz/Arts/Performing_Arts
915;dmoz/Computers/Software/Freeware
822;dmoz/Reference/Knowledge_Management
779;dmoz/Shopping/Food/Snacks
1238;dmoz/Business/Food_and_Related_Products/Produce
1828;dmoz/Sports/Gaelic
1829;dmoz/Sports/Gaelic/Organizations
1450;dmoz/Arts/Writers_Resources/Organizations
1838;dmoz/Business/Healthcare/Computing
702;dmoz/Recreation/Scouting/Regional
1775;dmoz/Recreation/Scouting/Resources
109;dmoz/Shopping/Food
1553;dmoz/Arts/Visual_Arts/Native_and_Tribal
644;dmoz/Computers/Programming/Games
107;dmoz/Shopping/Ethnic_and_Regional
108;dmoz/Shopping/Ethnic_and_Regional/European
412;dmoz/Arts/Entertainment
349;dmoz/Arts/Literature/Children's
1223;dmoz/Sports/Running/Trail_Running
